15456150,Родионово,"Коттеджный поселок на территории Советского района г. Томска.
Бывшая деревня.","","<a class=""wikimapia-link"" href=""http://wikimapia.org/15456150/ru/%D0%A0%D0%BE%D0%B4%D0%B8%D0%BE%D0%BD%D0%BE%D0%B2%D0%BE"">Родионово</a>","[{""x"":85.1396656,""y"":56.4769034},{""x"":85.1412964,""y"":56.4762872},{""x"":85.1436138,""y"":56.473917},{""x"":85.1446438,""y"":56.4713096},{""x"":85.1427555,""y"":56.4679908},{""x"":85.1258898,""y"":56.4617792},{""x"":85.1175642,""y"":56.4586967},{""x"":85.1138735,""y"":56.4572739},{""x"":85.1098824,""y"":56.4592658},{""x"":85.1101828,""y"":56.4607122},{""x"":85.1144528,""y"":56.4613405},{""x"":85.1177144,""y"":56.4622771},{""x"":85.1202893,""y"":56.4612575},{""x"":85.1240659,""y"":56.4626565},{""x"":85.1216841,""y"":56.4638656},{""x"":85.1184011,""y"":56.4636523},{""x"":85.1164913,""y"":56.4642094},{""x"":85.1168776,""y"":56.4654304},{""x"":85.1186371,""y"":56.465217},{""x"":85.1229715,""y"":56.468702},{""x"":85.1263189,""y"":56.4708829},{""x"":85.128808,""y"":56.471594},{""x"":85.1277781,""y"":56.4733007},{""x"":85.1302671,""y"":56.4758132},{""x"":85.1334858,""y"":56.4770456},{""x"":85.1366615,""y"":56.4772352}]",32,56.4672545,85.1272631
12701689,Апрель,"",,"<a class=""wikimapia-link"" href=""http://wikimapia.org/12701689/ru/%D0%90%D0%BF%D1%80%D0%B5%D0%BB%D1%8C"">Апрель</a>","[{""x"":85.0915253,""y"":56.3922619},{""x"":85.0913537,""y"":56.3917512},{""x"":85.0917292,""y"":56.3913889},{""x"":85.0933064,""y"":56.3908782},{""x"":85.0936926,""y"":56.3905753},{""x"":85.0941753,""y"":56.3902606},{""x"":85.0945187,""y"":56.3901299},{""x"":85.0946581,""y"":56.3898627},{""x"":85.0940251,""y"":56.3896726},{""x"":85.094229,""y"":56.3892034},{""x"":85.0941217,""y"":56.3889064},{""x"":85.0936711,""y"":56.3887461},{""x"":85.0929737,""y"":56.3887164},{""x"":85.0925875,""y"":56.388859},{""x"":85.09233,""y"":56.3891203},{""x"":85.092169,""y"":56.3895123},{""x"":85.0915897,""y"":56.3898567},{""x"":85.0912356,""y"":56.3900943},{""x"":85.0909996,""y"":56.3904803},{""x"":85.0906885,""y"":56.3906466},{""x"":85.09027,""y"":56.3906644},{""x"":85.089916,""y"":56.3906228},{""x"":85.0897121,""y"":56.3905337},{""x"":85.0896156,""y"":56.3903318},{""x"":85.0893903,""y"":56.3902902},{""x"":85.0892615,""y"":56.390219},{""x"":85.0891221,""y"":56.3899517},{""x"":85.0891113,""y"":56.389637},{""x"":85.0897121,""y"":56.3893519},{""x"":85.0900018,""y"":56.3889302},{""x"":85.0893795,""y"":56.3887283},{""x"":85.0887358,""y"":56.3888055},{""x"":85.087899,""y"":56.389055},{""x"":85.0872982,""y"":56.3895241},{""x"":85.0877059,""y"":56.3899517},{""x"":85.0876951,""y"":56.3904209},{""x"":85.0867295,""y"":56.3911573},{""x"":85.0855065,""y"":56.3922441},{""x"":85.0842082,""y"":56.3923984},{""x"":85.083307,""y"":56.3919115},{""x"":85.0817192,""y"":56.3912345},{""x"":85.0810325,""y"":56.3911751},{""x"":85.0810647,""y"":56.3903556},{""x"":85.0813973,""y"":56.3900111},{""x"":85.0820518,""y"":56.3897023},{""x"":85.0834894,""y"":56.3900111},{""x"":85.0841975,""y"":56.3897676},{""x"":85.0831997,""y"":56.3893578},{""x"":85.0836504,""y"":56.3888293},{""x"":85.0838113,""y"":56.3884017},{""x"":85.0847983,""y"":56.3880988},{""x"":85.0856674,""y"":56.3881938},{""x"":85.0858927,""y"":56.3878018},{""x"":85.0866008,""y"":56.3878968},{""x"":85.086751,""y"":56.3875761},{""x"":85.0858712,""y"":56.3870772},{""x"":85.0856352,""y"":56.3870119},{""x"":85.0859463,""y"":56.3864477},{""x"":85.0863111,""y"":56.3861032},{""x"":85.087105,""y"":56.3861032},{""x"":85.087781,""y"":56.3864833},{""x"":85.0881994,""y"":56.3866021},{""x"":85.0884891,""y"":56.3865546},{""x"":85.0887895,""y"":56.3862814},{""x"":85.0878131,""y"":56.3853667},{""x"":85.0868905,""y"":56.3848678},{""x"":85.0861716,""y"":56.3848203},{""x"":85.0850558,""y"":56.3846302},{""x"":85.0833499,""y"":56.3846777},{""x"":85.0821483,""y"":56.3822899},{""x"":85.0812256,""y"":56.3824325},{""x"":85.0825346,""y"":56.3847133},{""x"":85.0823736,""y"":56.3848737},{""x"":85.0835753,""y"":56.3854974},{""x"":85.0821483,""y"":56.3883007},{""x"":85.0796485,""y"":56.3896904},{""x"":85.0783718,""y"":56.3890728},{""x"":85.0779855,""y"":56.3892034},{""x"":85.0772345,""y"":56.390213},{""x"":85.0767517,""y"":56.3899101},{""x"":85.0762904,""y"":56.3896013},{""x"":85.0759041,""y"":56.3894826},{""x"":85.0753999,""y"":56.3894113},{""x"":85.0746059,""y"":56.3893816},{""x"":85.0739086,""y"":56.3883007},{""x"":85.074327,""y"":56.3877365},{""x"":85.0749815,""y"":56.3875464},{""x"":85.0766659,""y"":56.3867803},{""x"":85.0781357,""y"":56.3864417},{""x"":85.0787258,""y"":56.3862279},{""x"":85.0795412,""y"":56.3849509},{""x"":85.0787151,""y"":56.3842738},{""x"":85.0776958,""y"":56.384547},{""x"":85.0766659,""y"":56.3855686},{""x"":85.0752282,""y"":56.3861151},{""x"":85.0748312,""y"":56.3860854},{""x"":85.0744236,""y"":56.3859191},{""x"":85.0742626,""y"":56.3856993},{""x"":85.0745416,""y"":56.3854855},{""x"":85.0748312,""y"":56.3854142},{""x"":85.0749385,""y"":56.3852954},{""x"":85.0749814,""y"":56.3850816},{""x"":85.074842,""y"":56.3847846},{""x"":85.0753784,""y"":56.3846005},{""x"":85.0756252,""y"":56.3843035},{""x"":85.0755823,""y"":56.3840659},{""x"":85.0756037,""y"":56.383858},{""x"":85.0754535,""y"":56.3834125},{""x"":85.0757861,""y"":56.3833413},{""x"":85.0763655,""y"":56.3833353},{""x"":85.0764406,""y"":56.3832343},{""x"":85.0763869,""y"":56.3830621},{""x"":85.0761938,""y"":56.382967},{""x"":85.0756466,""y"":56.3828958},{""x"":85.075357,""y"":56.3826582},{""x"":85.0749278,""y"":56.3825691},{""x"":85.074563,""y"":56.3826522},{""x"":85.074445,""y"":56.3829255},{""x"":85.0744665,""y"":56.3832819},{""x"":85.0745952,""y"":56.3835016},{""x"":85.0745094,""y"":56.3838877},{""x"":85.074209,""y"":56.3840065},{""x"":85.0738871,""y"":56.3840481},{""x"":85.0737906,""y"":56.3843747},{""x"":85.0738657,""y"":56.3847193},{""x"":85.0737369,""y"":56.385236},{""x"":85.0731039,""y"":56.3854202},{""x"":85.0722778,""y"":56.3863586},{""x"":85.0725889,""y"":56.3867268},{""x"":85.072149,""y"":56.3870951},{""x"":85.0718164,""y"":56.387006},{""x"":85.0712371,""y"":56.3873623},{""x"":85.0707328,""y"":56.3875108},{""x"":85.0700462,""y"":56.3873861},{""x"":85.0697672,""y"":56.3870357},{""x"":85.0698423,""y"":56.3866259},{""x"":85.0694132,""y"":56.3864477},{""x"":85.0690162,""y"":56.3865665},{""x"":85.0682437,""y"":56.3865249},{""x"":85.0682223,""y"":56.3862517},{""x"":85.0681365,""y"":56.3860497},{""x"":85.0684476,""y"":56.3859012},{""x"":85.0684047,""y"":56.3855983},{""x"":85.0687051,""y"":56.3854023},{""x"":85.0692308,""y"":56.385438},{""x"":85.0700462,""y"":56.3848262},{""x"":85.0707436,""y"":56.384844},{""x"":85.0709903,""y"":56.3847609},{""x"":85.0711191,""y"":56.3846302},{""x"":85.0706256,""y"":56.3844461},{""x"":85.0705719,""y"":56.3841966},{""x"":85.0704861,""y"":56.3840897},{""x"":85.0700033,""y"":56.3840362},{""x"":85.0695527,""y"":56.3841134},{""x"":85.0690591,""y"":56.3844104},{""x"":85.0687265,""y"":56.3844045},{""x"":85.0685334,""y"":56.3842322},{""x"":85.0685656,""y"":56.3834422},{""x"":85.0698638,""y"":56.3827889},{""x"":85.0712156,""y"":56.3825988},{""x"":85.0713015,""y"":56.3824681},{""x"":85.0711405,""y"":56.3823434},{""x"":85.0709474,""y"":56.3818088},{""x"":85.0705934,""y"":56.3817078},{""x"":85.0700355,""y"":56.3816602},{""x"":85.0691557,""y"":56.3816543},{""x"":85.0686514,""y"":56.381785},{""x"":85.0672567,""y"":56.3827948},{""x"":85.066849,""y"":56.383169},{""x"":85.0665593,""y"":56.3839293},{""x"":85.0659692,""y"":56.3840837},{""x"":85.0658619,""y"":56.3843985},{""x"":85.0662374,""y"":56.3850103},{""x"":85.0654006,""y"":56.3855211},{""x"":85.0647676,""y"":56.3856993},{""x"":85.0638664,""y"":56.3857528},{""x"":85.063405,""y"":56.3855627},{""x"":85.0634909,""y"":56.3852123},{""x"":85.0616562,""y"":56.3847786},{""x"":85.0596714,""y"":56.3845055},{""x"":85.0578797,""y"":56.3847371},{""x"":85.0573647,""y"":56.3846183},{""x"":85.0569141,""y"":56.3842916},{""x"":85.0569999,""y"":56.3836442},{""x"":85.0583947,""y"":56.3827948},{""x"":85.0582981,""y"":56.3825513},{""x"":85.0572896,""y"":56.382284},{""x"":85.055294,""y"":56.3826404},{""x"":85.0548542,""y"":56.3826819},{""x"":85.0545001,""y"":56.3825631},{""x"":85.0541675,""y"":56.382278},{""x"":85.0538456,""y"":56.3823196},{""x"":85.0535989,""y"":56.3826463},{""x"":85.0536418,""y"":56.3830027},{""x"":85.0540065,""y"":56.3831512},{""x"":85.0540495,""y"":56.3836442},{""x"":85.0548971,""y"":56.3838818},{""x"":85.054425,""y"":56.3858894},{""x"":85.0543177,""y"":56.3863051},{""x"":85.0538349,""y"":56.3864655},{""x"":85.0527406,""y"":56.3866377},{""x"":85.0520754,""y"":56.3861745},{""x"":85.0517642,""y"":56.3857646},{""x"":85.0503051,""y"":56.3854677},{""x"":85.0495863,""y"":56.3854498},{""x"":85.0489318,""y"":56.3854558},{""x"":85.0488675,""y"":56.3858596},{""x"":85.0484705,""y"":56.3863289},{""x"":85.046711,""y"":56.3872435},{""x"":85.0467324,""y"":56.3875524},{""x"":85.047183,""y"":56.3877899},{""x"":85.048492,""y"":56.3879325},{""x"":85.0496936,""y"":56.387683},{""x"":85.0508093,""y"":56.3874633},{""x"":85.0513887,""y"":56.3876949},{""x"":85.0530195,""y"":56.3884789},{""x"":85.055058,""y"":56.3890372},{""x"":85.0556695,""y"":56.3891025},{""x"":85.0561738,""y"":56.3890906},{""x"":85.0566888,""y"":56.3888887},{""x"":85.0567853,""y"":56.3886036},{""x"":85.0564957,""y"":56.38798},{""x"":85.0561631,""y"":56.3874989},{""x"":85.0563025,""y"":56.3872911},{""x"":85.0568926,""y"":56.3869585},{""x"":85.0575686,""y"":56.3870119},{""x"":85.0581372,""y"":56.3872792},{""x"":85.0584805,""y"":56.3875643},{""x"":85.0585556,""y"":56.3883007},{""x"":85.0604761,""y"":56.3886571},{""x"":85.0677824,""y"":56.3925944},{""x"":85.0699925,""y"":56.393503},{""x"":85.0709903,""y"":56.3936396},{""x"":85.0716448,""y"":56.3935683},{""x"":85.0723743,""y"":56.3933307},{""x"":85.0728572,""y"":56.3936099},{""x"":85.0752067,""y"":56.3943878},{""x"":85.0768483,""y"":56.3942096},{""x"":85.0777602,""y"":56.3941384},{""x"":85.0803244,""y"":56.3935921},{""x"":85.0836504,""y"":56.3930992},{""x"":85.0863004,""y"":56.3927606}]",37,56.388021,85.0706845
12494642,Просторный (Якорь),"",,"<a class=""wikimapia-link"" href=""http://wikimapia.org/12494642/ru/%D0%9F%D1%80%D0%BE%D1%81%D1%82%D0%BE%D1%80%D0%BD%D1%8B%D0%B9-%D0%AF%D0%BA%D0%BE%D1%80%D1%8C"">Просторный (Якорь)</a>","[{""x"":85.0267338,""y"":56.4180379},{""x"":85.0296092,""y"":56.4165898},{""x"":85.0297379,""y"":56.4161388},{""x"":85.030403,""y"":56.4154563},{""x"":85.0305962,""y"":56.4151001},{""x"":85.0307142,""y"":56.4146788},{""x"":85.0308,""y"":56.4143523},{""x"":85.030843,""y"":56.4137708},{""x"":85.0308107,""y"":56.4132723},{""x"":85.0302637,""y"":56.4120198},{""x"":85.027635,""y"":56.4123286},{""x"":85.0278389,""y"":56.4128509},{""x"":85.0279783,""y"":56.4132723},{""x"":85.0285149,""y"":56.4136165},{""x"":85.0286758,""y"":56.413842},{""x"":85.0286114,""y"":56.4140023},{""x"":85.0285041,""y"":56.4140913},{""x"":85.0270236,""y"":56.4145958},{""x"":85.0264549,""y"":56.4147442},{""x"":85.0258433,""y"":56.4148688},{""x"":85.0252854,""y"":56.4149518},{""x"":85.0246096,""y"":56.4149934},{""x"":85.0243628,""y"":56.4148568},{""x"":85.0242125,""y"":56.4146787},{""x"":85.0241053,""y"":56.4143228},{""x"":85.0241268,""y"":56.4141388},{""x"":85.0241804,""y"":56.4139489},{""x"":85.0257897,""y"":56.4132603},{""x"":85.0247597,""y"":56.4124057},{""x"":85.0234078,""y"":56.4123108},{""x"":85.0224529,""y"":56.412008},{""x"":85.0216912,""y"":56.411818},{""x"":85.0209509,""y"":56.4126491},{""x"":85.0207256,""y"":56.4130882},{""x"":85.0204252,""y"":56.4133495},{""x"":85.0196528,""y"":56.4136996},{""x"":85.0197816,""y"":56.4141802},{""x"":85.0198352,""y"":56.4149578},{""x"":85.0197387,""y"":56.4151773},{""x"":85.0195669,""y"":56.4154089},{""x"":85.0187944,""y"":56.4154682},{""x"":85.0182365,""y"":56.4154563},{""x"":85.0178932,""y"":56.4151536},{""x"":85.017228,""y"":56.4142931},{""x"":85.0168847,""y"":56.4133849},{""x"":85.0166701,""y"":56.4131239},{""x"":85.0160264,""y"":56.4122276},{""x"":85.0162303,""y"":56.4118359},{""x"":85.0162839,""y"":56.4117113},{""x"":85.0162839,""y"":56.4115212},{""x"":85.0160264,""y"":56.4113669},{""x"":85.0155007,""y"":56.4113432},{""x"":85.0142026,""y"":56.4113906},{""x"":85.0142991,""y"":56.4120436},{""x"":85.0152862,""y"":56.412091},{""x"":85.0152111,""y"":56.4124709},{""x"":85.011649,""y"":56.4127142},{""x"":85.0106513,""y"":56.4128093},{""x"":85.0103402,""y"":56.4120258},{""x"":85.0104689,""y"":56.4113729},{""x"":85.0110698,""y"":56.4113848},{""x"":85.0115633,""y"":56.4113017},{""x"":85.0112629,""y"":56.4106369},{""x"":85.0108981,""y"":56.4102808},{""x"":85.0105118,""y"":56.4099008},{""x"":85.0098466,""y"":56.4095209},{""x"":85.0094603,""y"":56.4093192},{""x"":85.0090957,""y"":56.4094497},{""x"":85.009117,""y"":56.4095685},{""x"":85.0092458,""y"":56.4098771},{""x"":85.0093961,""y"":56.4102688},{""x"":85.0096965,""y"":56.4105657},{""x"":85.0098251,""y"":56.4109337},{""x"":85.0100826,""y"":56.4113729},{""x"":85.0100182,""y"":56.4119426},{""x"":85.0104474,""y"":56.4128449},{""x"":85.0013279,""y"":56.4137471},{""x"":84.9977767,""y"":56.4138122},{""x"":84.9971974,""y"":56.4136758},{""x"":84.9968862,""y"":56.413753},{""x"":84.9965322,""y"":56.4140498},{""x"":84.9963927,""y"":56.4143762},{""x"":84.996457,""y"":56.4148391},{""x"":84.9965428,""y"":56.4150289},{""x"":84.9967574,""y"":56.4151299},{""x"":85.0001477,""y"":56.4160379},{""x"":85.0013064,""y"":56.4166077},{""x"":85.0033879,""y"":56.4167856},{""x"":85.0044072,""y"":56.4173613},{""x"":85.0054693,""y"":56.4179667},{""x"":85.0064349,""y"":56.4180734},{""x"":85.0068962,""y"":56.4183168},{""x"":85.0064724,""y"":56.4190734},{""x"":85.0073682,""y"":56.4192455},{""x"":85.0090313,""y"":56.4196728},{""x"":85.0110375,""y"":56.4199041},{""x"":85.0112735,""y"":56.4197825},{""x"":85.0116545,""y"":56.4193611},{""x"":85.013709,""y"":56.4194086},{""x"":85.0141274,""y"":56.4192604},{""x"":85.0143312,""y"":56.4192365},{""x"":85.0143956,""y"":56.4192899},{""x"":85.014503,""y"":56.419296},{""x"":85.0187087,""y"":56.4219306}]",33,56.4156249,85.0136178
20414161,Слобода Вольная,сайт http://sloboda.tomsk.ru,"","<a class=""wikimapia-link"" href=""http://wikimapia.org/20414161/ru/%D0%A1%D0%BB%D0%BE%D0%B1%D0%BE%D0%B4%D0%B0-%D0%92%D0%BE%D0%BB%D1%8C%D0%BD%D0%B0%D1%8F"">Слобода Вольная</a>","[{""x"":84.7942185,""y"":56.5129592},{""x"":84.7940361,""y"":56.512755},{""x"":84.7926092,""y"":56.5121304},{""x"":84.7917241,""y"":56.5118256},{""x"":84.7910106,""y"":56.5116332},{""x"":84.7903293,""y"":56.511497},{""x"":84.7892243,""y"":56.5113017},{""x"":84.7879583,""y"":56.5111448},{""x"":84.7834682,""y"":56.510686},{""x"":84.77584,""y"":56.5099697},{""x"":84.7702289,""y"":56.5094457},{""x"":84.7662002,""y"":56.5090698},{""x"":84.7636414,""y"":56.5088626},{""x"":84.7587383,""y"":56.5083594},{""x"":84.7582018,""y"":56.5088804},{""x"":84.7575259,""y"":56.5091112},{""x"":84.7570109,""y"":56.5094842},{""x"":84.7564745,""y"":56.5096263},{""x"":84.7561526,""y"":56.5098631},{""x"":84.7559381,""y"":56.5101058},{""x"":84.7557557,""y"":56.5102361},{""x"":84.756335,""y"":56.5105439},{""x"":84.7570431,""y"":56.5109938},{""x"":84.7587276,""y"":56.512237},{""x"":84.7584915,""y"":56.513859},{""x"":84.760133,""y"":56.5161261},{""x"":84.7604334,""y"":56.5162326},{""x"":84.7621179,""y"":56.5157176},{""x"":84.7634161,""y"":56.5153506},{""x"":84.7650039,""y"":56.5150428},{""x"":84.7662163,""y"":56.5149777},{""x"":84.7678363,""y"":56.5150014},{""x"":84.7729433,""y"":56.515327},{""x"":84.7760117,""y"":56.5155401},{""x"":84.7787476,""y"":56.5157058},{""x"":84.7800779,""y"":56.5157591},{""x"":84.7816551,""y"":56.5157354},{""x"":84.783479,""y"":56.5155578},{""x"":84.7859359,""y"":56.5151316},{""x"":84.7883606,""y"":56.5145279},{""x"":84.7923088,""y"":56.5135038},{""x"":84.7932637,""y"":56.5132492},{""x"":84.7937143,""y"":56.5131368}]",20,56.512296,84.7749871
24562322,СНТ «Наука»,"",,"<a class=""wikimapia-link"" href=""http://wikimapia.org/24562322/ru/%D0%A1%D0%9D%D0%A2-%C2%AB%D0%9D%D0%B0%D1%83%D0%BA%D0%B0%C2%BB"">СНТ «Наука»</a>","[{""x"":85.0566139,""y"":56.4817629},{""x"":85.0567853,""y"":56.4814597},{""x"":85.057826,""y"":56.4813886},{""x"":85.0587273,""y"":56.4811871},{""x"":85.059092,""y"":56.481116},{""x"":85.0596716,""y"":56.4810401},{""x"":85.0594034,""y"":56.4806431},{""x"":85.0605085,""y"":56.4803825},{""x"":85.0610235,""y"":56.4803884},{""x"":85.0638235,""y"":56.4802747},{""x"":85.0643601,""y"":56.4793753},{""x"":85.0646927,""y"":56.4793397},{""x"":85.0652184,""y"":56.4794937},{""x"":85.067997,""y"":56.4803755},{""x"":85.0677826,""y"":56.4806194},{""x"":85.071999,""y"":56.481828},{""x"":85.0768163,""y"":56.4832262},{""x"":85.0787153,""y"":56.483866},{""x"":85.0809574,""y"":56.4845107},{""x"":85.0825884,""y"":56.4850983},{""x"":85.0819337,""y"":56.4869691},{""x"":85.0814509,""y"":56.4881064},{""x"":85.0811505,""y"":56.4890364},{""x"":85.0811076,""y"":56.4897768},{""x"":85.081172,""y"":56.4905527},{""x"":85.0811291,""y"":56.4907956},{""x"":85.0810006,""y"":56.4910928},{""x"":85.0779212,""y"":56.4902092},{""x"":85.072825,""y"":56.4886395},{""x"":85.0709045,""y"":56.4881005},{""x"":85.0695312,""y"":56.4876385},{""x"":85.0690162,""y"":56.4875437},{""x"":85.0682008,""y"":56.4872297},{""x"":85.0614417,""y"":56.4851505},{""x"":85.0581479,""y"":56.484173},{""x"":85.0567749,""y"":56.4832084},{""x"":85.0566783,""y"":56.4825686}]",28,56.4852162,85.0696011
20413638,Красная горка,"","","<a class=""wikimapia-link"" href=""http://wikimapia.org/20413638/ru/%D0%9A%D1%80%D0%B0%D1%81%D0%BD%D0%B0%D1%8F-%D0%B3%D0%BE%D1%80%D0%BA%D0%B0"">Красная горка</a>","[{""x"":85.1471758,""y"":56.5117042},{""x"":85.1383138,""y"":56.5169843},{""x"":85.1372838,""y"":56.5168423},{""x"":85.136683,""y"":56.5169843},{""x"":85.135932,""y"":56.5171856},{""x"":85.1346231,""y"":56.517375},{""x"":85.1299667,""y"":56.517375},{""x"":85.1297307,""y"":56.5172684},{""x"":85.128808,""y"":56.517079},{""x"":85.1232719,""y"":56.5173395},{""x"":85.1208258,""y"":56.5176472},{""x"":85.1195812,""y"":56.5167949},{""x"":85.117929,""y"":56.5149955},{""x"":85.1185083,""y"":56.5144864},{""x"":85.1189804,""y"":56.5138826},{""x"":85.1197743,""y"":56.5137169},{""x"":85.1197958,""y"":56.5130539},{""x"":85.1198173,""y"":56.5124856},{""x"":85.122714,""y"":56.5119647},{""x"":85.1317263,""y"":56.5115148},{""x"":85.1361895,""y"":56.5111596},{""x"":85.1374125,""y"":56.5117989},{""x"":85.1391721,""y"":56.5127579},{""x"":85.143249,""y"":56.5099164},{""x"":85.1443434,""y"":56.5103781},{""x"":85.1444721,""y"":56.5106386},{""x"":85.1450944,""y"":56.5109465}]",28,56.5137818,85.1325524
29389262,Зелёная долина,"Относится к Воронинскому сельскому поселению. Категория разрешенного использования земли – «Для дачного строительства».
Сайт dolina.tom.ru",,"<a class=""wikimapia-link"" href=""http://wikimapia.org/29389262/ru/%D0%97%D0%B5%D0%BB%D1%91%D0%BD%D0%B0%D1%8F-%D0%B4%D0%BE%D0%BB%D0%B8%D0%BD%D0%B0"">Зелёная долина</a>","[{""x"":85.1280998,""y"":56.5281991},{""x"":85.1273059,""y"":56.5301399},{""x"":85.1268123,""y"":56.5314179},{""x"":85.1264046,""y"":56.5319504},{""x"":85.1259755,""y"":56.5324711},{""x"":85.1255463,""y"":56.5328734},{""x"":85.1249241,""y"":56.5333112},{""x"":85.1152467,""y"":56.5270393},{""x"":85.1154183,""y"":56.5266309},{""x"":85.1182453,""y"":56.5191794},{""x"":85.1186825,""y"":56.5193007},{""x"":85.1195676,""y"":56.519638},{""x"":85.1201255,""y"":56.5197017},{""x"":85.1212923,""y"":56.5198984},{""x"":85.1233147,""y"":56.5202388},{""x"":85.1242561,""y"":56.5204281},{""x"":85.1255141,""y"":56.520727},{""x"":85.1259969,""y"":56.5208749},{""x"":85.1264207,""y"":56.5209534},{""x"":85.1267452,""y"":56.5210391},{""x"":85.1270027,""y"":56.521159},{""x"":85.1274721,""y"":56.5212671},{""x"":85.1308678,""y"":56.5219736}]",27,56.5262453,85.1230572
23537746,Залесье,"",,"<a class=""wikimapia-link"" href=""http://wikimapia.org/23537746/ru/%D0%97%D0%B0%D0%BB%D0%B5%D1%81%D1%8C%D0%B5"">Залесье</a>","[{""x"":85.0074863,""y"":56.449175},{""x"":85.00916,""y"":56.4496256},{""x"":85.0100827,""y"":56.4501119},{""x"":85.0127435,""y"":56.4509775},{""x"":85.0172496,""y"":56.4513333},{""x"":85.0186443,""y"":56.4512028},{""x"":85.0180221,""y"":56.4500407},{""x"":85.0182152,""y"":56.4488311},{""x"":85.0194597,""y"":56.44825},{""x"":85.0210845,""y"":56.4481858},{""x"":85.0213205,""y"":56.4486365},{""x"":85.0219857,""y"":56.4484586},{""x"":85.0238954,""y"":56.4485297},{""x"":85.0241744,""y"":56.4484942},{""x"":85.024346,""y"":56.4479842},{""x"":85.0238156,""y"":56.4476333},{""x"":85.0235581,""y"":56.4467438},{""x"":85.0233804,""y"":56.4463831},{""x"":85.0190245,""y"":56.446478},{""x"":85.0173569,""y"":56.4465422},{""x"":85.0170565,""y"":56.4464591},{""x"":85.0171852,""y"":56.4461508},{""x"":85.0177585,""y"":56.4449006},{""x"":85.0174152,""y"":56.4442245},{""x"":85.0167131,""y"":56.4440396},{""x"":85.0159621,""y"":56.4437194},{""x"":85.0153613,""y"":56.4432805},{""x"":85.0145888,""y"":56.4428298},{""x"":85.0139451,""y"":56.4425807},{""x"":85.0131941,""y"":56.4424858},{""x"":85.0115848,""y"":56.4425926},{""x"":85.0102544,""y"":56.4427349},{""x"":85.0094604,""y"":56.4429128},{""x"":85.0095248,""y"":56.4436126},{""x"":85.0101256,""y"":56.4441227},{""x"":85.0098252,""y"":56.4444192},{""x"":85.0100827,""y"":56.4446089},{""x"":85.0087523,""y"":56.4458068},{""x"":85.0077378,""y"":56.4467626},{""x"":85.0094759,""y"":56.4474031}]",30,56.4469095,85.0159161
20559775,Заречный,"","","<a class=""wikimapia-link"" href=""http://wikimapia.org/20559775/ru/%D0%97%D0%B0%D1%80%D0%B5%D1%87%D0%BD%D1%8B%D0%B9"">Заречный</a>","[{""x"":85.0331068,""y"":56.4833051},{""x"":85.0321949,""y"":56.4848483},{""x"":85.031594,""y"":56.4859739},{""x"":85.0306392,""y"":56.486895},{""x"":85.0303495,""y"":56.4874726},{""x"":85.0303441,""y"":56.4879198},{""x"":85.0305533,""y"":56.488136},{""x"":85.0308001,""y"":56.488373},{""x"":85.0316316,""y"":56.4886366},{""x"":85.0318944,""y"":56.4889535},{""x"":85.0322324,""y"":56.4893548},{""x"":85.0322163,""y"":56.4894969},{""x"":85.0324631,""y"":56.4897753},{""x"":85.0332302,""y"":56.4897916},{""x"":85.0338015,""y"":56.4897975},{""x"":85.0340053,""y"":56.4898464},{""x"":85.0341636,""y"":56.4899101},{""x"":85.0343192,""y"":56.4900315},{""x"":85.0353599,""y"":56.4897057},{""x"":85.0360143,""y"":56.4894214},{""x"":85.0370121,""y"":56.4891904},{""x"":85.0373286,""y"":56.4891252},{""x"":85.0377738,""y"":56.4889742},{""x"":85.039705,""y"":56.491382},{""x"":85.0395012,""y"":56.4914649},{""x"":85.0404239,""y"":56.4920335},{""x"":85.0424838,""y"":56.4910858},{""x"":85.0445545,""y"":56.4924362},{""x"":85.0448442,""y"":56.4922822},{""x"":85.0455523,""y"":56.4921993},{""x"":85.0459385,""y"":56.4921934},{""x"":85.0467539,""y"":56.4919743},{""x"":85.0470865,""y"":56.4918676},{""x"":85.0480413,""y"":56.4914057},{""x"":85.0485241,""y"":56.4908548},{""x"":85.0494361,""y"":56.4901203},{""x"":85.0503802,""y"":56.489451},{""x"":85.0503802,""y"":56.4893562},{""x"":85.0496936,""y"":56.4889594},{""x"":85.0487924,""y"":56.4889061},{""x"":85.0481272,""y"":56.4889357},{""x"":85.0480199,""y"":56.4889949},{""x"":85.0479877,""y"":56.4891015},{""x"":85.0478911,""y"":56.4891371},{""x"":85.0476658,""y"":56.4891193},{""x"":85.0460887,""y"":56.4890305},{""x"":85.0454235,""y"":56.4890186},{""x"":85.0446725,""y"":56.4890008},{""x"":85.044179,""y"":56.4889594},{""x"":85.042516,""y"":56.488527},{""x"":85.038718,""y"":56.4873719},{""x"":85.0389969,""y"":56.4871172},{""x"":85.0392973,""y"":56.4867736},{""x"":85.0393295,""y"":56.4865485},{""x"":85.0394905,""y"":56.4863767},{""x"":85.0389969,""y"":56.4861486},{""x"":85.0377363,""y"":56.4855474},{""x"":85.0371623,""y"":56.4851801},{""x"":85.0364113,""y"":56.4845048},{""x"":85.036009,""y"":56.4839449},{""x"":85.0356603,""y"":56.4835954},{""x"":85.035215,""y"":56.4832607},{""x"":85.033375,""y"":56.4831837}]",27,56.4878099,85.0403621
26523825,Коттеджный посёлок Барсучья нора,"",,"<a class=""wikimapia-link"" href=""http://wikimapia.org/26523825/ru/%D0%9A%D0%BE%D1%82%D1%82%D0%B5%D0%B4%D0%B6%D0%BD%D1%8B%D0%B9-%D0%BF%D0%BE%D1%81%D1%91%D0%BB%D0%BE%D0%BA-%D0%91%D0%B0%D1%80%D1%81%D1%83%D1%87%D1%8C%D1%8F-%D0%BD%D0%BE%D1%80%D0%B0"">Коттеджный посёлок Барсучья нора</a>","[{""x"":85.1530981,""y"":56.5146758},{""x"":85.1516604,""y"":56.513196},{""x"":85.1541495,""y"":56.5133144},{""x"":85.1537418,""y"":56.512829},{""x"":85.1546645,""y"":56.5120002},{""x"":85.1558876,""y"":56.5113845},{""x"":85.1567459,""y"":56.5103308},{""x"":85.1583767,""y"":56.5103071},{""x"":85.16078,""y"":56.5098217},{""x"":85.1621962,""y"":56.5094783},{""x"":85.1635265,""y"":56.509052},{""x"":85.1647925,""y"":56.5085192},{""x"":85.165844,""y"":56.507868},{""x"":85.1667237,""y"":56.5071694},{""x"":85.1679897,""y"":56.506601},{""x"":85.1695991,""y"":56.506305},{""x"":85.1708865,""y"":56.5071575},{""x"":85.1696849,""y"":56.5077496},{""x"":85.1718736,""y"":56.5091468},{""x"":85.17138,""y"":56.5097269},{""x"":85.1678824,""y"":56.5120949},{""x"":85.1664662,""y"":56.5120476},{""x"":85.1655221,""y"":56.5117871},{""x"":85.163548,""y"":56.5107689},{""x"":85.1619816,""y"":56.5115266},{""x"":85.1600719,""y"":56.5125685},{""x"":85.1585484,""y"":56.5127224},{""x"":85.1573467,""y"":56.5134683},{""x"":85.1561665,""y"":56.5139773},{""x"":85.1547718,""y"":56.5144272}]",29,56.5104904,85.161767
24074259,Холмы,"",,"<a class=""wikimapia-link"" href=""http://wikimapia.org/24074259/ru/%D0%A5%D0%BE%D0%BB%D0%BC%D1%8B"">Холмы</a>","[{""x"":85.0434541,""y"":56.4091363},{""x"":85.0347852,""y"":56.4070349},{""x"":85.0342273,""y"":56.4091719},{""x"":85.0338196,""y"":56.4098723},{""x"":85.0333046,""y"":56.4099673},{""x"":85.0333046,""y"":56.410359},{""x"":85.0320386,""y"":56.4104303},{""x"":85.0319957,""y"":56.4107983},{""x"":85.0298929,""y"":56.4111129},{""x"":85.0302683,""y"":56.412021},{""x"":85.0306546,""y"":56.4129706},{""x"":85.0308584,""y"":56.4133861},{""x"":85.030719,""y"":56.4148817},{""x"":85.0305151,""y"":56.415315},{""x"":85.0321888,""y"":56.4145612}]",34,56.4111749,85.0366735
11548831,Академический,"Элитный коттеджный поселок Академический, он же ""Поле чудес"".",,"<a class=""wikimapia-link"" href=""http://wikimapia.org/11548831/ru/%D0%90%D0%BA%D0%B0%D0%B4%D0%B5%D0%BC%D0%B8%D1%87%D0%B5%D1%81%D0%BA%D0%B8%D0%B9"">Академический</a>","[{""x"":85.0672406,""y"":56.4716711},{""x"":85.0672889,""y"":56.4702429},{""x"":85.067997,""y"":56.4696976},{""x"":85.0679111,""y"":56.4692828},{""x"":85.067777,""y"":56.4689094},{""x"":85.067482,""y"":56.4685835},{""x"":85.0668222,""y"":56.4684886},{""x"":85.0666559,""y"":56.4683168},{""x"":85.0658941,""y"":56.467893},{""x"":85.0654167,""y"":56.4676737},{""x"":85.0646603,""y"":56.4675019},{""x"":85.0647569,""y"":56.4672233},{""x"":85.0625306,""y"":56.467001},{""x"":85.0623322,""y"":56.4669684},{""x"":85.0612271,""y"":56.4670455},{""x"":85.0607711,""y"":56.4670336},{""x"":85.0604385,""y"":56.4671018},{""x"":85.0601488,""y"":56.4674159},{""x"":85.060004,""y"":56.4675404},{""x"":85.0587541,""y"":56.4686338},{""x"":85.0578154,""y"":56.4693776},{""x"":85.057649,""y"":56.469511},{""x"":85.0570321,""y"":56.4692828},{""x"":85.0566244,""y"":56.4692709},{""x"":85.0564528,""y"":56.4693895},{""x"":85.056324,""y"":56.4702725},{""x"":85.056839,""y"":56.4707644},{""x"":85.059591,""y"":56.4707288},{""x"":85.0594354,""y"":56.4709955},{""x"":85.0593013,""y"":56.4713392},{""x"":85.0590008,""y"":56.4726429},{""x"":85.0615061,""y"":56.4725748},{""x"":85.0626916,""y"":56.4723822},{""x"":85.0642741,""y"":56.4720503},{""x"":85.0645745,""y"":56.472},{""x"":85.0650036,""y"":56.4720089},{""x"":85.0651914,""y"":56.4720266},{""x"":85.065642,""y"":56.4719881},{""x"":85.0669831,""y"":56.4717629}]",29,56.4698056,85.0621605
20559860,Серебряный Бор,"Коттеджный посёлок, 25,5 га.","","<a class=""wikimapia-link"" href=""http://wikimapia.org/20559860/ru/%D0%A1%D0%B5%D1%80%D0%B5%D0%B1%D1%80%D1%8F%D0%BD%D1%8B%D0%B9-%D0%91%D0%BE%D1%80"">Серебряный Бор</a>","[{""x"":84.9069035,""y"":56.4592776},{""x"":84.905777,""y"":56.4585129},{""x"":84.9058843,""y"":56.4582402},{""x"":84.9061203,""y"":56.4568471},{""x"":84.9060559,""y"":56.4548907},{""x"":84.9055839,""y"":56.4536634},{""x"":84.9054229,""y"":56.4534144},{""x"":84.9044037,""y"":56.4530646},{""x"":84.90376,""y"":56.4529757},{""x"":84.9036098,""y"":56.4529934},{""x"":84.9033737,""y"":56.4530527},{""x"":84.9032128,""y"":56.4531417},{""x"":84.9030519,""y"":56.453361},{""x"":84.9016786,""y"":56.4532128},{""x"":84.9002517,""y"":56.4524895},{""x"":84.8982667,""y"":56.454114},{""x"":84.89905,""y"":56.4544401},{""x"":84.8987067,""y"":56.4546772},{""x"":84.8992002,""y"":56.4550864},{""x"":84.8985136,""y"":56.4553709},{""x"":84.899801,""y"":56.4562365},{""x"":84.8982131,""y"":56.4569775},{""x"":84.8987925,""y"":56.4573806},{""x"":84.8987067,""y"":56.4576771},{""x"":84.8986423,""y"":56.4578668},{""x"":84.8987281,""y"":56.4579853},{""x"":84.8988676,""y"":56.4580327},{""x"":84.8990929,""y"":56.4580565},{""x"":84.8993719,""y"":56.4580268},{""x"":84.8996186,""y"":56.4579201},{""x"":84.8997045,""y"":56.4577778},{""x"":84.8998547,""y"":56.4577008},{""x"":84.9000263,""y"":56.4576771},{""x"":84.9002087,""y"":56.4577541},{""x"":84.9009275,""y"":56.4581217},{""x"":84.901979,""y"":56.4585248},{""x"":84.9031484,""y"":56.4588153},{""x"":84.9050581,""y"":56.460155}]",27,56.4563222,84.9025583
26237714,Западный,"",,"<a class=""wikimapia-link"" href=""http://wikimapia.org/26237714/ru/%D0%97%D0%B0%D0%BF%D0%B0%D0%B4%D0%BD%D1%8B%D0%B9"">Западный</a>","[{""x"":84.9026442,""y"":56.5420252},{""x"":84.9057341,""y"":56.541339},{""x"":84.9062705,""y"":56.5424274},{""x"":84.9069142,""y"":56.5456096},{""x"":84.9053049,""y"":56.5456687},{""x"":84.903996,""y"":56.5457042},{""x"":84.9031377,""y"":56.5466742},{""x"":84.9028802,""y"":56.5473839},{""x"":84.9028802,""y"":56.5484129},{""x"":84.8988891,""y"":56.5484957},{""x"":84.8990607,""y"":56.5467925},{""x"":84.899683,""y"":56.5455149},{""x"":84.8998332,""y"":56.5446869},{""x"":84.8995757,""y"":56.5439298},{""x"":84.8991251,""y"":56.5431254},{""x"":84.8985672,""y"":56.5428888}]",17,56.5449173,84.9027407
24071333,Коттеджный посёлок Юбилейный,"",,"<a class=""wikimapia-link"" href=""http://wikimapia.org/24071333/ru/%D0%9A%D0%BE%D1%82%D1%82%D0%B5%D0%B4%D0%B6%D0%BD%D1%8B%D0%B9-%D0%BF%D0%BE%D1%81%D1%91%D0%BB%D0%BE%D0%BA-%D0%AE%D0%B1%D0%B8%D0%BB%D0%B5%D0%B9%D0%BD%D1%8B%D0%B9"">Коттеджный посёлок Юбилейный</a>","[{""x"":84.8450833,""y"":56.5002191},{""x"":84.8442893,""y"":56.5001066},{""x"":84.8434632,""y"":56.4997572},{""x"":84.8428517,""y"":56.4993368},{""x"":84.8419505,""y"":56.4970272},{""x"":84.8418754,""y"":56.4956296},{""x"":84.8421328,""y"":56.4950314},{""x"":84.8429697,""y"":56.4947412},{""x"":84.8434418,""y"":56.4944747},{""x"":84.8440104,""y"":56.4941549},{""x"":84.844343,""y"":56.4940424},{""x"":84.8450511,""y"":56.4940246},{""x"":84.845609,""y"":56.4940838},{""x"":84.845963,""y"":56.4942852},{""x"":84.846757,""y"":56.4949663},{""x"":84.8474544,""y"":56.4953098},{""x"":84.8478728,""y"":56.495825},{""x"":84.8483019,""y"":56.496204},{""x"":84.849171,""y"":56.4967133}]",22,56.4971218,84.8455232
22111486,Снегири,"",,"<a class=""wikimapia-link"" href=""http://wikimapia.org/22111486/ru/%D0%A1%D0%BD%D0%B5%D0%B3%D0%B8%D1%80%D0%B8"">Снегири</a>","[{""x"":84.8524439,""y"":56.504588},{""x"":84.8516929,""y"":56.5051208},{""x"":84.8508668,""y"":56.5061333},{""x"":84.8499763,""y"":56.5080989},{""x"":84.8513603,""y"":56.5084363},{""x"":84.851371,""y"":56.5086376},{""x"":84.8513496,""y"":56.5090224},{""x"":84.8515642,""y"":56.5095553},{""x"":84.8533666,""y"":56.5095849},{""x"":84.8547399,""y"":56.5082587},{""x"":84.8552012,""y"":56.5073766},{""x"":84.855448,""y"":56.5072522},{""x"":84.8582268,""y"":56.5068082},{""x"":84.8587847,""y"":56.5064115},{""x"":84.8587525,""y"":56.5061451},{""x"":84.8574543,""y"":56.5057306},{""x"":84.8559201,""y"":56.5051267},{""x"":84.8542893,""y"":56.5047715},{""x"":84.858955,""y"":56.5032716},{""x"":84.8583822,""y"":56.5027375}]",21,56.5061612,84.8544656
22842698,АТИЗ,"",,"<a class=""wikimapia-link"" href=""http://wikimapia.org/22842698/ru/%D0%90%D0%A2%D0%98%D0%97"">АТИЗ</a>","[{""x"":85.0572467,""y"":56.4779433},{""x"":85.0592155,""y"":56.4779433},{""x"":85.0590437,""y"":56.4776322},{""x"":85.0589043,""y"":56.477413},{""x"":85.0585932,""y"":56.4772027},{""x"":85.0585985,""y"":56.4770516},{""x"":85.0594729,""y"":56.4770308},{""x"":85.0598592,""y"":56.4769834},{""x"":85.0602293,""y"":56.4767079},{""x"":85.0610125,""y"":56.4762161},{""x"":85.0609642,""y"":56.4753006},{""x"":85.0622678,""y"":56.4753125},{""x"":85.0623161,""y"":56.474871},{""x"":85.0622303,""y"":56.4746992},{""x"":85.062139,""y"":56.4746132},{""x"":85.0620425,""y"":56.474554},{""x"":85.0616026,""y"":56.4743969},{""x"":85.0614631,""y"":56.4742488},{""x"":85.0613558,""y"":56.474074},{""x"":85.0612754,""y"":56.4739169},{""x"":85.0611842,""y"":56.4736237},{""x"":85.061329,""y"":56.4732533},{""x"":85.0614631,""y"":56.4729333},{""x"":85.0615007,""y"":56.4727555},{""x"":85.061388,""y"":56.4725896},{""x"":85.0589955,""y"":56.4726429},{""x"":85.0593119,""y"":56.4713481},{""x"":85.0594407,""y"":56.4710103},{""x"":85.0595964,""y"":56.4707318},{""x"":85.0568497,""y"":56.4707644},{""x"":85.056898,""y"":56.4710399},{""x"":85.0568926,""y"":56.4727259},{""x"":85.0568873,""y"":56.4770901},{""x"":85.0570589,""y"":56.4774071}]",29,56.4743375,85.0595829
22842681,Академический-2,"",,"<a class=""wikimapia-link"" href=""http://wikimapia.org/22842681/ru/%D0%90%D0%BA%D0%B0%D0%B4%D0%B5%D0%BC%D0%B8%D1%87%D0%B5%D1%81%D0%BA%D0%B8%D0%B9-2"">Академический-2</a>","[{""x"":85.0613665,""y"":56.4725836},{""x"":85.0615006,""y"":56.4727674},{""x"":85.0613933,""y"":56.4730577},{""x"":85.0611627,""y"":56.4736325},{""x"":85.0612646,""y"":56.4739318},{""x"":85.0614524,""y"":56.474237},{""x"":85.0615651,""y"":56.4743851},{""x"":85.0617582,""y"":56.4744651},{""x"":85.0619942,""y"":56.4745332},{""x"":85.0621175,""y"":56.4746043},{""x"":85.0622356,""y"":56.4747199},{""x"":85.0623053,""y"":56.4748829},{""x"":85.0622571,""y"":56.4752858},{""x"":85.0623268,""y"":56.4758102},{""x"":85.0625039,""y"":56.4758724},{""x"":85.0635445,""y"":56.4759169},{""x"":85.0637698,""y"":56.4759761},{""x"":85.0640809,""y"":56.4760205},{""x"":85.0647784,""y"":56.4760235},{""x"":85.0661946,""y"":56.4759198},{""x"":85.0661999,""y"":56.4752591},{""x"":85.067364,""y"":56.4752414},{""x"":85.0673532,""y"":56.4739881},{""x"":85.0690967,""y"":56.4739732},{""x"":85.069086,""y"":56.4735999},{""x"":85.0705129,""y"":56.4735852},{""x"":85.0705129,""y"":56.4731289},{""x"":85.0695741,""y"":56.4731289},{""x"":85.0695097,""y"":56.4718251},{""x"":85.0681579,""y"":56.4718488},{""x"":85.0681633,""y"":56.4722133},{""x"":85.0664306,""y"":56.4721629},{""x"":85.065642,""y"":56.4719881},{""x"":85.065186,""y"":56.4720237},{""x"":85.0648963,""y"":56.4720059},{""x"":85.0645584,""y"":56.4720118},{""x"":85.0642741,""y"":56.4720504},{""x"":85.0627238,""y"":56.4723792},{""x"":85.0615275,""y"":56.4725719}]",29,56.4739243,85.0658378
20413382,Зелёная долина - 1,"Земельный участок под ИЖС
сайт http://dolina.tom.ru","","<a class=""wikimapia-link"" href=""http://wikimapia.org/20413382/ru/%D0%97%D0%B5%D0%BB%D1%91%D0%BD%D0%B0%D1%8F-%D0%B4%D0%BE%D0%BB%D0%B8%D0%BD%D0%B0-1"">Зелёная долина - 1</a>","[{""x"":85.1337326,""y"":56.5197721},{""x"":85.1389039,""y"":56.5201153},{""x"":85.1412749,""y"":56.5202692},{""x"":85.141511,""y"":56.5150488},{""x"":85.1399767,""y"":56.5160254},{""x"":85.1377451,""y"":56.5173276}]",28,56.517659,85.1376218
26579156,Зелёная Долина 3,60 участков под индивидуальное строительство,,"<a class=""wikimapia-link"" href=""http://wikimapia.org/26579156/ru/%D0%97%D0%B5%D0%BB%D1%91%D0%BD%D0%B0%D1%8F-%D0%94%D0%BE%D0%BB%D0%B8%D0%BD%D0%B0-3"">Зелёная Долина 3</a>","[{""x"":85.1423264,""y"":56.5199674},{""x"":85.1465321,""y"":56.5202041},{""x"":85.1474762,""y"":56.5164161},{""x"":85.1427555,""y"":56.5160846}]",28,56.5181443,85.1449013
29991086,Авиатор-1,"",,"<a class=""wikimapia-link"" href=""http://wikimapia.org/29991086/ru/%D0%90%D0%B2%D0%B8%D0%B0%D1%82%D0%BE%D1%80-1"">Авиатор-1</a>","[{""x"":85.1966143,""y"":56.402718},{""x"":85.1975584,""y"":56.4029318},{""x"":85.1977086,""y"":56.4032049},{""x"":85.1982772,""y"":56.4034364},{""x"":85.20082,""y"":56.4038579},{""x"":85.2015924,""y"":56.4022847},{""x"":85.201689,""y"":56.4020531},{""x"":85.2018714,""y"":56.4017503},{""x"":85.202086,""y"":56.4015782},{""x"":85.2025795,""y"":56.4015603},{""x"":85.2031803,""y"":56.4006342},{""x"":85.2028584,""y"":56.4004917},{""x"":85.2022684,""y"":56.4003254},{""x"":85.2013779,""y"":56.4001889},{""x"":85.2009273,""y"":56.4001236},{""x"":85.2004766,""y"":56.4003076},{""x"":85.1998544,""y"":56.4008004},{""x"":85.1986527,""y"":56.4013644},{""x"":85.1981699,""y"":56.4016613},{""x"":85.1975155,""y"":56.4015247},{""x"":85.1970649,""y"":56.4021956}]",40,56.4019907,85.1998973
27824234,Авиатор-2,"",,"<a class=""wikimapia-link"" href=""http://wikimapia.org/27824234/ru/%D0%90%D0%B2%D0%B8%D0%B0%D1%82%D0%BE%D1%80-2"">Авиатор-2</a>","[{""x"":85.2020108,""y"":56.3991141},{""x"":85.2005624,""y"":56.3988351},{""x"":85.2024078,""y"":56.3964125},{""x"":85.2035557,""y"":56.3966381},{""x"":85.2041673,""y"":56.3957416},{""x"":85.2057873,""y"":56.3960978},{""x"":85.2058303,""y"":56.3966501},{""x"":85.2055299,""y"":56.3973033},{""x"":85.203985,""y"":56.3995239}]",41,56.3976327,85.2031963
